index_grid,intercept,log_assets,liabilities_assets,roa,net_margin,cash_assets,receivables_assets,inventory_assets,current_ratio,debt_assets,revenue_growth,assets_growth,gross_margin,working_capital_assets,asset_quality_proxy,receivables_revenue,debt_equity,loss_flag,dsri_proxy,gmi_proxy,sgi,lvgi,debt_assets_change,roa_change,gross_margin_change,receivables_growth,inventory_growth,debt_growth,total_accruals_assets_proxy
-3.0,2.3925729,2.2081332,-0.9376443,0.32524696,0.5072885,-1.1349858,2.5300531,0.5967786,-4.249746,-0.2628312,2.7566385,-1.946542,-1.6015368,1.0844429,-1.6074158,-0.7056345,1.658191,0.32006538,-0.80142426,2.0073972,0.5634571,-0.6559687,1.3668072,-0.52983385,-2.4123197,0.054101303,0.4895887,1.4153967,0.8916851
-2.95,2.333033,2.1545296,-0.923109,0.34532896,0.5131308,-1.108153,2.4410806,0.587976,-4.107733,-0.26040915,2.6446245,-1.8975395,-1.5315174,1.0641251,-1.5543603,-0.66595644,1.5737387,0.29479876,-0.7591264,1.9255776,0.5298119,-0.6553841,1.3243209,-0.520866,-2.3075492,0.041453656,0.45900357,1.3654363,0.8840987
-2.9,2.274328,2.101529,-0.90842414,0.36417973,0.5182786,-1.0814288,2.3542464,0.5786805,-3.9685016,-0.25780264,2.5358307,-1.8492669,-1.4640565,1.0438739,-1.5025799,-0.6278249,1.4923642,0.2708258,-0.7179097,1.8460171,0.49700978,-0.6543877,1.282497,-0.51220626,-2.20568,0.029591693,0.42968616,1.3165317,0.87612027
-2.85,2.2164583,2.0491402,-0.89360416,0.38182873,0.52275336,-1.0548245,2.2695239,0.56891626,-3.8320358,-0.2550218,2.4302068,-1.8017257,-1.3991036,1.0236986,-1.4520562,-0.59121066,1.4140115,0.24811672,-0.67776287,1.7686828,0.4650433,-0.65299344,1.2413363,-0.5038472,-2.106671,0.018492205,0.4016111,1.2686733,0.8677664
-2.8,2.1594248,1.9973737,-0.8786637,0.3983048,0.52657676,-1.0283515,2.186888,0.5587064,-3.6983213,-0.25207692,2.327705,-1.754919,-1.3366097,1.0036085,-1.4027714,-0.5560853,1.3386261,0.22664256,-0.63867563,1.6935431,0.43390575,-0.6512149,1.200841,-0.49578115,-2.010483,0.008132275,0.3747537,1.221853,0.8590541
-2.75,2.1032286,1.9462395,-0.86361736,0.4136377,0.52977055,-1.0020213,2.106312,0.548075,-3.5673423,-0.24897811,2.2282743,-1.7088486,-1.2765243,0.98361325,-1.3547068,-0.52241963,1.2661519,0.20637356,-0.6006369,1.6205647,0.40358987,-0.64906585,1.1610119,-0.48800045,-1.9170749,-0.0015113631,0.34908867,1.1760613,0.85000014
-2.7,2.0478697,1.8957462,-0.8484794,0.4278565,0.532356,-0.975845,2.0277698,0.5370455,-3.4390836,-0.24573554,2.1318662,-1.6635165,-1.2187977,0.9637218,-1.3078443,-0.4901848,1.1965336,0.18728046,-0.5636358,1.5497153,0.37408847,-0.6465601,1.1218506,-0.4804976,-1.8264065,-0.010461682,0.32459092,1.1312894,0.8406211
-2.65,1.9933492,1.8459041,-0.83326447,0.44099072,0.534355,-0.94983387,1.9512353,0.5256414,-3.3135293,-0.24235946,2.0384307,-1.6189252,-1.1633795,0.94394374,-1.2621654,-0.45935172,1.1297152,0.16933365,-0.5276614,1.480962,0.3453944,-0.64371115,1.0833583,-0.47326487,-1.7384368,-0.01874195,0.30123523,1.0875281,0.8309338
-2.6,1.9396673,1.7967224,-0.81798697,0.45306954,0.535789,-0.9239991,1.876682,0.5138863,-3.190664,-0.23885989,1.9479177,-1.5750767,-1.1102202,0.92428803,-1.2176517,-0.42989153,1.0656414,0.1525038,-0.4927028,1.4142722,0.31750047,-0.64053285,1.0455363,-0.46629468,-1.6531256,-0.026375137,0.2789965,1.0447683,0.820955
-2.55,1.8868257,1.7482114,-0.8026616,0.4641223,0.53667974,-0.89835227,1.8040847,0.50180423,-3.0704732,-0.23524721,1.8602787,-1.5319734,-1.0592698,0.9047645,-1.1742852,-0.40177542,1.004257,0.13676146,-0.4587494,1.3496139,0.29039982,-0.63703907,1.0083864,-0.4595794,-1.5704329,-0.033384457,0.25784978,1.0030015,0.81070143
-2.5,1.8348243,1.7003801,-0.7873029,0.47417837,0.5370488,-0.8729046,1.7334164,0.48941854,-2.952941,-0.23153149,1.775464,-1.4896173,-1.0104784,0.88538224,-1.1320477,-0.37497443,0.9455062,0.12207723,-0.4257903,1.2869542,0.2640852,-0.63324344,0.9719099,-0.45311147,-1.4903182,-0.03979282,0.23776989,0.9622185,0.8001898
-2.45,1.7836641,1.6532384,-0.7719252,0.48326713,0.53691775,-0.84766716,1.6646516,0.4767528,-2.838052,-0.22772293,1.6934237,-1.4480108,-0.96379596,0.8661505,-1.0909203,-0.34945956,0.8893334,0.108421616,-0.3938145,1.2262602,0.23854943,-0.62915957,0.9361078,-0.44688323,-1.4127406,-0.04562353,0.21873167,0.92241013,0.78943706
-2.4,1.7333457,1.6067958,-0.75654316,0.49141774,0.53630817,-0.8226516,1.5977638,0.4638308,-2.725791,-0.22383167,1.6141086,-1.407156,-0.9191727,0.84707886,-1.0508853,-0.32520193,0.8356833,0.09576522,-0.36281124,1.1674998,0.21378538,-0.62480134,0.90098184,-0.4408871,-1.33766,-0.05089958,0.20071006,0.8835676,0.77845985
-2.35,1.6838697,1.5610619,-0.74117124,0.49865964,0.5352418,-0.7978688,1.5327266,0.45067608,-2.616142,-0.21986797,1.5374686,-1.3670548,-0.87655836,0.8281764,-1.0119239,-0.30217248,0.78449994,0.08407853,-0.33276948,1.1106399,0.1897859,-0.6201824,0.8665331,-0.43511534,-1.2650355,-0.055644155,0.18367982,0.8456816,0.7672747
-2.3,1.6352372,1.5160466,-0.72582394,0.50502217,0.53374004,-0.77333045,1.4695146,0.4373124,-2.5090907,-0.21584195,1.4634547,-1.3277098,-0.83590347,0.80945265,-0.9740183,-0.2803425,0.73572826,0.07333219,-0.3036787,1.0556486,0.166544,-0.61531645,0.8327633,-0.42956054,-1.1948274,-0.059880286,0.16761598,0.80874366,0.7558986
-2.25,1.5874486,1.4717594,-0.7105158,0.5105346,0.53182465,-0.74904764,1.4081012,0.42376325,-2.4046211,-0.21176381,1.3920175,-1.2891232,-0.79715776,0.7909168,-0.9371498,-0.25968292,0.6893126,0.06349677,-0.2755278,1.0024928,0.14405249,-0.61021733,0.79967356,-0.42421496,-1.1269948,-0.063631095,0.1524934,0.77274436,0.7443484
-2.2,1.5405045,1.4282097,-0.6952614,0.5152263,0.52951723,-0.7250317,1.3484604,0.4100523,-2.302718,-0.20764372,1.3231072,-1.2512969,-0.7602715,0.7725784,-0.90130025,-0.24016489,0.6451973,0.05454277,-0.24830598,0.95114005,0.1223042,-0.6048987,0.76726544,-0.41907096,-1.0614973,-0.0669197,0.13828695,0.7376749,0.7326407
-2.15,1.494406,1.3854076,-0.6800752,0.5191266,0.5268394,-0.7012939,1.2905661,0.39620325,-2.2033658,-0.20349188,1.2566743,-1.2142334,-0.72519463,0.7544465,-0.8664513,-0.22175941,0.6033269,0.046440803,-0.22200243,0.9015578,0.10129209,-0.5993743,0.7355402,-0.41412097,-0.9982947,-0.069769226,0.12497151,0.70352626,0.7207921
-2.1,1.4491532,1.3433621,-0.6649716,0.5222647,0.52381265,-0.6778454,1.2343919,0.3822395,-2.106549,-0.19931844,1.1926692,-1.1779344,-0.6918771,0.73653054,-0.83258456,-0.20443751,0.5636457,0.039161358,-0.1966061,0.8537132,0.08100883,-0.5936578,0.70449907,-0.40935743,-0.937346,-0.0722027,0.11252194,0.6702892,0.7088196
-2.05,1.4047474,1.3020834,-0.64996535,0.5246702,0.5204588,-0.6546979,1.1799122,0.3681851,-2.012253,-0.19513363,1.1310426,-1.1424028,-0.6602694,0.71884,-0.7996819,-0.1881704,0.52609855,0.0326751,-0.17210649,0.8075742,0.061447587,-0.5877631,0.6741438,-0.4047726,-0.87861145,-0.07424332,0.1009132,0.6379552,0.6967399
-2.0,1.361189,1.261581,-0.63507086,0.52637213,0.51679933,-0.63186234,1.1271005,0.35406333,-1.9204619,-0.19094756,1.0717449,-1.1076403,-0.63032126,0.701384,-0.767725,-0.1729291,0.49062964,0.026952535,-0.14849252,0.7631079,0.042601056,-0.58170366,0.6444756,-0.40035897,-0.82205033,-0.075914115,0.09012014,0.606515,0.6845697
-1.95,1.3184788,1.2218642,-0.6203027,0.5274,0.5128558,-0.6093502,1.0759307,0.339898,-1.8311605,-0.18677048,1.0147265,-1.0736493,-0.60198283,0.6841721,-0.73669547,-0.15868466,0.45718354,0.021964233,-0.12575336,0.7202817,0.024462195,-0.57549345,0.61549574,-0.39610887,-0.7676221,-0.07723826,0.08011764,0.5759596,0.6723258
-1.9,1.2766175,1.182943,-0.60567516,0.52778304,0.5086498,-0.5871726,1.0263767,0.32571262,-1.7443331,-0.18261251,0.959938,-1.0404317,-0.57520413,0.66721344,-0.7065749,-0.14540811,0.42570463,0.01768076,-0.103878096,0.6790631,0.007023775,-0.56914604,0.58720565,-0.3920147,-0.7152863,-0.07823876,0.070880584,0.54628,0.6600248
-1.85,1.2356057,1.144827,-0.5912031,0.52755064,0.5042032,-0.56534106,0.9784126,0.31153086,-1.6599649,-0.17848387,0.9073298,-1.0079902,-0.54993534,0.65051746,-0.6773452,-0.13307062,0.3961375,0.014072685,-0.08285602,0.6394195,-0.0097212335,-0.56267524,0.55960685,-0.38806888,-0.66500276,-0.07893879,0.062383894,0.5174674,0.6476837
-1.8,1.1954443,1.1075257,-0.5769008,0.5267321,0.49953732,-0.5438667,0.93201184,0.29737642,-1.5780399,-0.17439471,0.85685235,-0.9763266,-0.52612644,0.63409346,-0.6489878,-0.12164316,0.36842647,0.011110538,-0.062676124,0.6013182,-0.025780028,-0.55609477,0.5327005,-0.38426372,-0.6167307,-0.07936145,0.054602418,0.4895125,0.6353191
-1.75,1.1561339,1.0710487,-0.5627829,0.5253567,0.49467385,-0.52276087,0.88714874,0.28327292,-1.4985431,-0.17035523,0.8084563,-0.9454433,-0.50372756,0.6179508,-0.62148476,-0.1110969,0.34251618,0.008764941,-0.043327674,0.5647268,-0.041159656,-0.5494184,0.5064882,-0.38059166,-0.57043004,-0.07952984,0.04751108,0.46240658,0.62294775
-1.7,1.1176752,1.0354058,-0.5488638,0.52345383,0.4896345,-0.50203496,0.84379697,0.26924396,-1.4214594,-0.1663756,0.76209193,-0.9153424,-0.48268878,0.6020988,-0.5948175,-0.10140286,0.318351,0.0070064077,-0.024799785,0.5296127,-0.055867266,-0.5426597,0.4809712,-0.37704507,-0.5260601,-0.07946705,0.04108473,0.43614054,0.61058646
-1.65,1.0800687,1.0006064,-0.53515816,0.52105284,0.48444077,-0.4817001,0.8019303,0.25531313,-1.3467728,-0.16246602,0.7177098,-0.886026,-0.4629601,0.58654684,-0.5689678,-0.0925321,0.2958754,0.0058055273,-0.007081544,0.49594316,-0.06991007,-0.5358326,0.45615083,-0.37361634,-0.48358044,-0.07919619,0.03529828,0.4107053,0.5982519
-1.6,1.0433155,0.96666044,-0.5216804,0.518183,0.47911435,-0.46176767,0.7615228,0.24150415,-1.2744684,-0.15863666,0.6752605,-0.8574966,-0.44449162,0.57130414,-0.54391736,-0.08445573,0.2750339,0.0051328456,0.009837789,0.46368578,-0.083295025,-0.52895063,0.43202868,-0.37029785,-0.44295087,-0.07874038,0.030126622,0.38609207,0.5859609
-1.55,1.0074159,0.93357724,-0.5084451,0.51487356,0.47367677,-0.44224894,0.72254825,0.22784057,-1.2045306,-0.15489767,0.6346943,-0.8297561,-0.42723343,0.5563801,-0.5196478,-0.07714479,0.2557709,0.004958944,0.025969204,0.43280783,-0.09602945,-0.5220277,0.40860587,-0.36708197,-0.4041306,-0.078122675,0.025544629,0.36229163,0.5737301
-1.5,0.97237104,0.90136665,-0.49546668,0.51115406,0.4681497,-0.42315528,0.6849806,0.21434611,-1.1369443,-0.15125927,0.5959618,-0.8028068,-0.4111356,0.5417841,-0.49614087,-0.07057036,0.23803091,0.005254373,0.041323453,0.40327686,-0.10812029,-0.5150774,0.38588396,-0.36396116,-0.36707947,-0.07736623,0.0215272,0.3392952,0.5615765
-1.45,0.93818134,0.8700382,-0.48275974,0.5070537,0.4625547,-0.4044979,0.64879364,0.20104437,-1.0716939,-0.14773163,0.55901355,-0.77665097,-0.3961482,0.5275255,-0.47337824,-0.064703524,0.22175841,0.005989707,0.05591141,0.37506023,-0.119574785,-0.50811356,0.3638643,-0.36092767,-0.33175695,-0.076494135,0.018049216,0.3170937,0.54951656
-1.4,0.90484744,0.8396015,-0.47033876,0.50260174,0.4569134,-0.3862881,0.6139612,0.18795891,-1.008764,-0.14432491,0.52379984,-0.7512906,-0.38222125,0.51361346,-0.4513416,-0.05951533,0.20689781,0.0071354895,0.069744006,0.34812528,-0.13040005,-0.50114983,0.3425482,-0.35797396,-0.2981225,-0.07552946,0.015085557,0.29567802,0.5375672
-1.35,0.8723703,0.8100663,-0.45821837,0.49782753,0.45124742,-0.36853728,0.5804573,0.1751135,-0.9481396,-0.14104931,0.49027133,-0.72672814,-0.3693049,0.5000575,-0.4300127,-0.054976884,0.19339368,0.0086622955,0.082832,0.32243955,-0.14060315,-0.4942,0.3219371,-0.35509244,-0.26613587,-0.074495375,0.012611125,0.2750394,0.5257451
-1.3,0.84075034,0.7814421,-0.44641292,0.4927605,0.4455784,-0.35125658,0.54825574,0.16253164,-0.8898047,-0.13791499,0.45837834,-0.70296556,-0.3573491,0.48686683,-0.40937313,-0.051059216,0.18119037,0.010540696,0.09518632,0.29797035,-0.15019128,-0.4872777,0.30203235,-0.3522755,-0.23575644,-0.073414914,0.010600803,0.25516865,0.51406705
-1.25,0.8099885,0.7537386,-0.4349371,0.48742995,0.43992794,-0.33445743,0.5173304,0.15023705,-0.8337447,-0.13493218,0.42807156,-0.6800053,-0.34630406,0.4740509,-0.3894047,-0.047733434,0.17023246,0.012741234,0.10681773,0.27468523,-0.15917152,-0.4803968,0.28283536,-0.34951544,-0.20694397,-0.07231125,0.009029473,0.23605694,0.50254977
-1.2,0.78008544,0.72696537,-0.42380524,0.4818651,0.43431756,-0.3181511,0.4876552,0.13825335,-0.77994365,-0.13211098,0.39930132,-0.6578494,-0.3361198,0.46161905,-0.37008908,-0.044970594,0.16046436,0.015234483,0.11773714,0.25255153,-0.16755098,-0.47357094,0.26434752,-0.3468047,-0.17965789,-0.07120742,0.007872033,0.21769516,0.4912101
-1.15,0.7510417,0.7011321,-0.41303203,0.47609538,0.42876896,-0.3023488,0.45920387,0.12660414,-0.7283864,-0.12946165,0.3720181,-0.6365,-0.3267463,0.4495805,-0.35140786,-0.042741768,0.15183054,0.017991014,0.12795542,0.23153663,-0.17533685,-0.46681386,0.24657013,-0.3441357,-0.15385777,-0.07012657,0.0071033617,0.20007436,0.4800647
-1.1,0.72285825,0.6762485,-0.40263185,0.47015008,0.42330375,-0.2870619,0.43195048,0.11531308,-0.6790576,-0.12699433,0.34617242,-0.6159594,-0.3181338,0.43794462,-0.33334285,-0.041018035,0.1442755,0.02098138,0.13748339,0.21160801,-0.18253618,-0.46013927,0.22950464,-0.34150073,-0.12950322,-0.06909178,0.0066983528,0.18318555,0.46913037
-1.05,0.69553554,0.65232396,-0.39261928,0.4640585,0.41794345,-0.27230167,0.40586874,0.104403764,-0.6319418,-0.124719165,0.32171476,-0.5962298,-0.31023225,0.42672077,-0.31587565,-0.039770458,0.13774367,0.02417616,0.14633194,0.19273305,-0.18915617,-0.4535609,0.2131524,-0.33889228,-0.10655374,-0.06812618,0.006631895,0.16701971,0.45842376
-1.0,0.66907436,0.62936836,-0.3830089,0.45785,0.41270977,-0.25807944,0.38093266,0.09389989,-0.58702374,-0.12264641,0.2985956,-0.57731336,-0.30299175,0.41591826,-0.29898807,-0.038970113,0.13217956,0.027545884,0.15451187,0.17487922,-0.19520389,-0.4470925,0.19751483,-0.33630267,-0.084968984,-0.06725285,0.0068788677,0.15156792,0.44796178
-0.95,0.64347553,0.60739124,-0.37381512,0.45155394,0.4076243,-0.24440646,0.35711607,0.08382505,-0.54428804,-0.1207862,0.27676544,-0.5592122,-0.29636237,0.40554652,-0.2826617,-0.038588073,0.12752761,0.031061152,0.16203411,0.1580139,-0.20068647,-0.44074783,0.18259327,-0.3337243,-0.06470844,-0.066494904,0.007414167,0.13682114,0.43776107
-0.9,0.6187396,0.58640224,-0.36505255,0.44519958,0.40270865,-0.23129408,0.33439282,0.07420287,-0.5037193,-0.11914871,0.2561747,-0.5419287,-0.29029417,0.39561474,-0.26687825,-0.038595404,0.1237323,0.0346925,0.16890945,0.14210449,-0.20561108,-0.43454057,0.1683891,-0.33114955,-0.0457317,-0.06587544,0.008212676,0.122770354,0.42783841
-0.85,0.59486735,0.5664109,-0.35673562,0.43881628,0.3979844,-0.21875358,0.3127368,0.06505701,-0.4653021,-0.11774415,0.23677397,-0.52546495,-0.28473723,0.3861324,-0.25161943,-0.038963187,0.120738104,0.038410507,0.17514876,0.12711848,-0.20998476,-0.42848447,0.15490372,-0.3285708,-0.02799834,-0.06541757,0.009249286,0.10940663,0.41821057
-0.8,0.5718595,0.54742694,-0.34887892,0.4324333,0.39347315,-0.20679621,0.29212186,0.05641109,-0.42902118,-0.11658266,0.2185136,-0.5098231,-0.27964166,0.37710875,-0.23686695,-0.039662488,0.11848948,0.042185728,0.1807629,0.113023214,-0.21381474,-0.42259324,0.14213851,-0.32598048,-0.011467895,-0.0651444,0.010498883,0.09672093,0.40889427
-0.75,0.54971665,0.52946,-0.34149694,0.4260801,0.38919654,-0.1954333,0.2725219,0.048288733,-0.3948611,-0.11567446,0.20134413,-0.49500537,-0.27495748,0.3685531,-0.22260247,-0.040664386,0.11693092,0.04598874,0.18576273,0.099786125,-0.21710806,-0.41688055,0.13009483,-0.3233709,0.0039000686,-0.06507901,0.011936354,0.08470428,0.3999063
-0.7,0.52843964,0.51251966,-0.3346042,0.41978586,0.3851762,-0.18467616,0.25391078,0.040713586,-0.36280656,-0.115029715,0.18521604,-0.48101404,-0.27063474,0.36047488,-0.2088077,-0.04193994,0.11600686,0.049790084,0.19015911,0.087374665,-0.21987191,-0.41136023,0.11877406,-0.32073453,0.018145973,-0.065244526,0.013536591,0.07334769,0.39126337
-0.65,0.50802904,0.4966156,-0.32821524,0.41358003,0.38143367,-0.17453606,0.23626244,0.033709273,-0.3328421,-0.11465859,0.17007981,-0.46785122,-0.26662356,0.35288334,-0.19546433,-0.04346023,0.11566179,0.053560346,0.19396287,0.07575621,-0.22211334,-0.40604597,0.10817759,-0.31806368,0.031310275,-0.06566405,0.015274476,0.062642165,0.38298225
-0.6,0.4884857,0.48175743,-0.3223445,0.40749183,0.37799063,-0.16502431,0.2195507,0.027299441,-0.3049525,-0.11457127,0.15588596,-0.45551914,-0.262874,0.34578785,-0.18255407,-0.04519633,0.11584018,0.05727006,0.19718488,0.06489822,-0.22383954,-0.4009515,0.09830681,-0.31535077,0.043433364,-0.06636068,0.017124897,0.05257873,0.37507972
-0.55,0.46981022,0.46795478,-0.31700665,0.4015507,0.37486866,-0.15615222,0.2037494,0.021507712,-0.27912232,-0.11477795,0.1425849,-0.44402,-0.2593361,0.33919778,-0.17005858,-0.047119305,0.1164865,0.06088982,0.19983599,0.054768085,-0.2250576,-0.39609057,0.089163095,-0.31258819,0.05455573,-0.067357525,0.019062744,0.04314837,0.3675725
-0.5,0.4520033,0.45521724,-0.31221604,0.3957859,0.3720894,-0.14793105,0.1888325,0.016357716,-0.25533614,-0.1152888,0.13012716,-0.43335602,-0.25596,0.3331224,-0.15795957,-0.04920023,0.1175452,0.06439017,0.20192708,0.04533323,-0.22577468,-0.39147687,0.0807478,-0.30976832,0.06471779,-0.06867768,0.021062907,0.034342103,0.3604773
-0.45,0.43506566,0.44355452,-0.3079873,0.39022666,0.36967438,-0.1403721,0.17477383,0.011873091,-0.23357865,-0.11611401,0.1184632,-0.4235293,-0.25269568,0.3275711,-0.14623871,-0.05141018,0.11896078,0.067741685,0.20346895,0.036561064,-0.22599785,-0.38712412,0.07306233,-0.30688354,0.073959984,-0.070344254,0.023100274,0.026150938,0.35381097
-0.4,0.4189981,0.43297622,-0.30433494,0.3849025,0.3676453,-0.1334867,0.16154726,0.008077474,-0.2138345,-0.11726374,0.10754351,-0.41454214,-0.24949329,0.3225532,-0.13487774,-0.05372022,0.120677695,0.07091492,0.2044725,0.028419027,-0.22573428,-0.3830461,0.06610807,-0.30392623,0.08232273,-0.07238036,0.025149724,0.018565893,0.3475902
-0.35,0.40380117,0.42349198,-0.3012734,0.3798426,0.36602372,-0.12728615,0.14912668,0.00499449,-0.1960883,-0.11874818,0.09731857,-0.4063967,-0.2463028,0.31807798,-0.123858325,-0.05610143,0.12264043,0.07388044,0.20494854,0.02087452,-0.22499108,-0.3792565,0.059886377,-0.30088878,0.089846484,-0.074809074,0.027186155,0.011577962,0.34183174
-0.3,0.3894757,0.41511136,-0.29881728,0.37507638,0.36483127,-0.12178169,0.13748595,0.0026477785,-0.18032472,-0.120577514,0.08773886,-0.39909518,-0.2430744,0.31415486,-0.11316216,-0.058524877,0.12479342,0.0766088,0.204908,0.013894969,-0.22377539,-0.37576902,0.054398645,-0.29776353,0.096571684,-0.077653535,0.029184448,0.0051781656,0.33655238
-0.25,0.37602234,0.40784407,-0.29698107,0.3706331,0.36408955,-0.11698467,0.12659895,0.001060969,-0.16652833,-0.12276192,0.07875484,-0.39263976,-0.2397581,0.31079313,-0.102770925,-0.060961638,0.12708116,0.07907058,0.20436166,0.0074477866,-0.2220943,-0.37259746,0.049646247,-0.2945429,0.10253876,-0.08093682,0.031119497,-0.000642495,0.3317688
-0.2,0.3634418,0.40169975,-0.29577926,0.3665421,0.36382017,-0.11290636,0.116439596,0.0002576957,-0.15468383,-0.12531157,0.070317015,-0.38703263,-0.23630397,0.30800217,-0.09266634,-0.063382775,0.1294481,0.081236325,0.2033204,0.0015003955,-0.21995497,-0.36975548,0.045630567,-0.29121935,0.10778814,-0.08468204,0.03296618,-0.005893006,0.32749784
-0.15,0.35173476,0.39668795,-0.29522645,0.3628327,0.36404473,-0.10955805,0.10698172,0.0002615912,-0.14477582,-0.12823667,0.062375866,-0.382276,-0.23266207,0.30579126,-0.08283009,-0.06575937,0.13183875,0.08307662,0.20179507,-0.003979787,-0.21736449,-0.36725688,0.042352982,-0.28778517,0.11236027,-0.088912316,0.0346994,-0.01058236,0.32375622
-0.1,0.3409019,0.39281836,-0.29533702,0.35953426,0.36478487,-0.106951065,0.098199196,0.0010962893,-0.13678896,-0.13154736,0.054881867,-0.3783721,-0.2287825,0.30416974,-0.07324385,-0.06806249,0.13419753,0.08456201,0.19979656,-0.009025346,-0.21433003,-0.3651153,0.039814882,-0.28423277,0.1162956,-0.09365072,0.03629403,-0.014719551,0.32056063
-0.05,0.33094406,0.39010063,-0.29612568,0.35667604,0.36606216,-0.10509668,0.09006592,0.0027854224,-0.13070786,-0.13525383,0.0477855,-0.37532306,-0.22461532,0.30314702,-0.063889325,-0.0702632,0.13646895,0.085663065,0.19733568,-0.013668857,-0.21085869,-0.36334455,0.038017627,-0.28055453,0.11963453,-0.09892038,0.037724968,-0.018313566,0.3179279
0.0,0.3218618,0.38854432,-0.29760677,0.35428748,0.36789826,-0.1040062,0.08255576,0.0053526238,-0.12651718,-0.13936628,0.041037243,-0.37313113,-0.2201106,0.30273232,-0.054748207,-0.07233259,0.13859744,0.086350344,0.19442329,-0.017942907,-0.2069576,-0.3619583,0.036962613,-0.27674285,0.12241754,-0.1047444,0.03896709,-0.021373399,0.31587476
0.05,0.3136559,0.38815913,-0.29979488,0.3523978,0.37031472,-0.10369092,0.07564259,0.008821526,-0.12420153,-0.1438949,0.034587584,-0.37179846,-0.21521841,0.30293506,-0.04580219,-0.07424172,0.14052752,0.08659442,0.19107024,-0.021880075,-0.20263387,-0.36097032,0.036651213,-0.27279007,0.12468504,-0.11114586,0.039995294,-0.02390804,0.31441796
0.1,0.30632704,0.38895467,-0.30270457,0.35103637,0.3733332,-0.10416212,0.0693003,0.0132157635,-0.12374557,-0.14884982,0.028386993,-0.3713273,-0.20988879,0.30376455,-0.037032973,-0.07596166,0.1422036,0.08636584,0.18728742,-0.025512947,-0.19789465,-0.36039427,0.03708481,-0.26868865,0.12647747,-0.1181479,0.04078447,-0.025926476,0.3135742
0.15,0.29987592,0.39094052,-0.3063503,0.3502325,0.3769753,-0.10543112,0.06350274,0.01855897,-0.12513392,-0.15424125,0.022385962,-0.37171984,-0.20407186,0.30523014,-0.028422235,-0.077463485,0.1435702,0.08563518,0.18308568,-0.0288741,-0.19274703,-0.36024398,0.03826478,-0.26443094,0.12783527,-0.12577358,0.041309495,-0.027437706,0.31336033
0.2,0.2943032,0.3941264,-0.31074658,0.35001552,0.38126257,-0.10750919,0.058223803,0.024874775,-0.12835124,-0.16007937,0.016534964,-0.3729782,-0.19771765,0.3073411,-0.019951677,-0.07871826,0.14457177,0.084373005,0.17847584,-0.031996116,-0.18719816,-0.3605331,0.040192507,-0.2600093,0.12879889,-0.13404603,0.041545264,-0.028450716,0.31379306
0.25,0.28960967,0.3985219,-0.31590798,0.35041478,0.3862167,-0.11040766,0.053437363,0.032186814,-0.13338213,-0.16637437,0.010784484,-0.37510467,-0.19077626,0.3101069,-0.011602993,-0.07969707,0.14515278,0.082549855,0.17346875,-0.034911577,-0.18125516,-0.36127537,0.042869363,-0.25541615,0.12940875,-0.14298837,0.041466665,-0.028974498,0.31488907
0.3,0.28579605,0.4041366,-0.321849,0.35145953,0.3918593,-0.1141378,0.04911729,0.040518716,-0.14021124,-0.17313641,0.0050850003,-0.3781014,-0.18319775,0.31353676,-0.0033578714,-0.080370985,0.1452577,0.08013634,0.16807531,-0.03765307,-0.17492518,-0.36248457,0.046296734,-0.25064385,0.12970527,-0.15262367,0.041048586,-0.029018043,0.31666523
0.35,0.28286293,0.4109802,-0.32858413,0.35317925,0.39821196,-0.11871091,0.045237463,0.049894117,-0.14882322,-0.18037568,-0.0006130019,-0.38197058,-0.17493218,0.31764007,0.0048019877,-0.080711074,0.14483099,0.07710297,0.16230634,-0.040253162,-0.1682153,-0.36417437,0.050476003,-0.24568482,0.12972893,-0.16297506,0.040265907,-0.028590344,0.31913823
0.4,0.2808111,0.41906235,-0.33612794,0.35560307,0.40529624,-0.124138296,0.041771762,0.06033666,-0.1592027,-0.18810236,-0.006359048,-0.38671446,-0.16592965,0.3224261,0.0128949,-0.080688395,0.14381713,0.07342034,0.15617271,-0.042744458,-0.16113268,-0.36635846,0.055408545,-0.24053138,0.12952012,-0.17406562,0.039093524,-0.027700389,0.3223248
0.45,0.27964124,0.4283926,-0.3444949,0.35876048,0.41313374,-0.13043125,0.038694058,0.071869954,-0.17133428,-0.19632661,-0.012202651,-0.39233515,-0.1561402,0.32790428,0.020939166,-0.08027404,0.1421606,0.06905899,0.14968526,-0.045159522,-0.15368442,-0.36905068,0.061095733,-0.23517598,0.12911932,-0.18591845,0.03750632,-0.026357174,0.32624173
0.5,0.27935404,0.43898064,-0.35369956,0.3626807,0.4217462,-0.13760106,0.035978228,0.08451766,-0.18520266,-0.20505865,-0.018193338,-0.3988349,-0.1455139,0.33408388,0.028953098,-0.07943908,0.13980585,0.06398952,0.14285485,-0.04753094,-0.14587763,-0.37226468,0.06753896,-0.22961098,0.12856692,-0.19855669,0.03547919,-0.024569683,0.33090577
0.55,0.27995023,0.4508361,-0.36375642,0.36739314,0.43115512,-0.14565903,0.033598147,0.0983034,-0.20079243,-0.21430865,-0.02438062,-0.40621594,-0.13400084,0.34097424,0.036955,-0.078154564,0.13669737,0.058182456,0.13569236,-0.049891297,-0.1377195,-0.37601423,0.0747396,-0.22382875,0.12790342,-0.21200341,0.032987013,-0.022346914,0.33633363
0.6,0.28143048,0.46396855,-0.37468,0.37292704,0.44138214,-0.15461646,0.031527687,0.11325079,-0.21808824,-0.22408676,-0.030814024,-0.4144804,-0.12155105,0.34858474,0.04496318,-0.07639159,0.1327796,0.051608387,0.12820859,-0.052273177,-0.1292171,-0.38031304,0.08269903,-0.21782169,0.12716919,-0.22628175,0.03000468,-0.019697854,0.34254214
0.65,0.28379554,0.47838768,-0.3864848,0.37931177,0.45244884,-0.16448462,0.029740732,0.12938347,-0.2370747,-0.23440315,-0.037543055,-0.42363048,-0.10811469,0.35692465,0.052995935,-0.07412122,0.12799703,0.044237867,0.12041444,-0.054709148,-0.120377585,-0.3851748,0.091418624,-0.21158218,0.12640472,-0.24141477,0.026507083,-0.016631497,0.34954798
0.7,0.2870461,0.4941031,-0.39918542,0.38657665,0.4643769,-0.17527485,0.028211156,0.14672512,-0.2577365,-0.24526806,-0.04461725,-0.4336684,-0.09364171,0.3660034,0.061071597,-0.07131452,0.12229412,0.036041453,0.11232075,-0.057231806,-0.11120806,-0.3906133,0.10089978,-0.20510261,0.1256504,-0.2574256,0.022469103,-0.013156832,0.35736793
0.75,0.29118288,0.51112443,-0.41279632,0.394751,0.4771879,-0.18699841,0.026912829,0.16529931,-0.28005826,-0.25669163,-0.05208612,-0.44459635,-0.07808227,0.37583023,0.06920846,-0.06794257,0.11561537,0.026989706,0.10393837,-0.059873726,-0.10171565,-0.3966422,0.11114387,-0.19837539,0.1249467,-0.27433735,0.017865634,-0.009282847,0.36601874
0.8,0.2962065,0.5294614,-0.42733198,0.4038642,0.49090338,-0.19966663,0.025819631,0.1851297,-0.30402458,-0.26868403,-0.059999187,-0.45641655,-0.06138641,0.38641453,0.07742482,-0.063976444,0.10790521,0.0170532,0.095278144,-0.0626675,-0.09190748,-0.4032753,0.12215228,-0.19139284,0.12433404,-0.2921731,0.012671554,-0.0050185295,0.37551716
0.85,0.30211774,0.54912347,-0.442807,0.41394547,0.505545,-0.21329078,0.024905436,0.20623992,-0.3296201,-0.28125548,-0.068405956,-0.4691312,-0.043504205,0.3977656,0.085738994,-0.0593872,0.09910813,0.0062024947,0.086350955,-0.06564568,-0.08179069,-0.4105263,0.13392636,-0.18414739,0.12385288,-0.31095594,0.006861763,-0.00037289178,0.38587993
0.9,0.30891725,0.5701204,-0.45923576,0.42502424,0.52113444,-0.22788212,0.024144122,0.22865358,-0.35682946,-0.2944161,-0.077355966,-0.4827424,-0.024385732,0.4098928,0.09416928,-0.054145936,0.08916861,-0.005591833,0.07716766,-0.06884088,-0.071372405,-0.41840893,0.1464675,-0.17663142,0.12354362,-0.33070904,0.0004111487,0.004645091,0.39712384
0.95,0.3166058,0.5924618,-0.47663295,0.4371298,0.5376932,-0.24345204,0.023509564,0.25239438,-0.38563734,-0.30817616,-0.08689873,-0.4972525,-0.003981027,0.42280546,0.10273401,-0.04822369,0.07803108,-0.018359257,0.06773907,-0.072285675,-0.060659725,-0.4269369,0.15977712,-0.16883731,0.12344673,-0.35145542,-0.0067054136,0.010026428,0.40926564
1.0,0.3251841,0.6161573,-0.495013,0.45029142,0.555243,-0.26001176,0.022975635,0.27748588,-0.41602835,-0.32254574,-0.09708376,-0.51266354,0.017759807,0.43651292,0.11145146,-0.041591555,0.06564003,-0.032129183,0.05807607,-0.07601264,-0.049659796,-0.43612394,0.17385656,-0.16075745,0.12360263,-0.37321824,-0.014513031,0.015762126,0.422322
1.05,0.3346528,0.6412164,-0.5143904,0.46453848,0.57380533,-0.27757257,0.022516204,0.3039517,-0.44798705,-0.33753508,-0.107960574,-0.5289779,0.04088669,0.4510245,0.12033996,-0.034220602,0.051939953,-0.04693104,0.048189517,-0.080054365,-0.03837975,-0.44598377,0.18870717,-0.15238422,0.12405177,-0.3960206,-0.023036798,0.021843182,0.43630973
1.1,0.34501263,0.667649,-0.5347798,0.47990036,0.59340185,-0.2961459,0.022105174,0.33181563,-0.4814983,-0.35315436,-0.11957873,-0.5461976,0.065449625,0.46634957,0.12941782,-0.026081892,0.036875267,-0.06279432,0.038090236,-0.08444343,-0.026826676,-0.45653015,0.20433044,-0.14371,0.12483456,-0.4198856,-0.032301877,0.028260646,0.45124564
1.15,0.3562643,0.6954645,-0.5561956,0.4964063,0.6140542,-0.31574282,0.0217164,0.3611011,-0.5165464,-0.3694137,-0.13198768,-0.56432486,0.09149843,0.48249745,0.13870332,-0.01714652,0.020390501,-0.0797484,0.027789133,-0.089212395,-0.015007736,-0.46777683,0.22072764,-0.13472718,0.12599145,-0.44483632,-0.042333316,0.035005484,0.46714637
1.2,0.36840844,0.7246726,-0.5786524,0.5140856,0.63578403,-0.33637482,0.021323742,0.39183187,-0.5531163,-0.3863234,-0.145237,-0.583362,0.119083144,0.49947748,0.14821479,-0.0073855217,0.0024300893,-0.09782275,0.01729701,-0.09439388,-0.0029300295,-0.47973746,0.23790021,-0.12542814,0.1275629,-0.47089592,-0.05315627,0.042068716,0.48402876
1.25,0.38144588,0.75528294,-0.60216457,0.5329677,0.6586128,-0.3580531,0.020901116,0.4240315,-0.5911924,-0.4038935,-0.15937616,-0.60331106,0.14825357,0.51729894,0.1579705,0.003229993,-0.017061481,-0.11704677,0.0066247513,-0.10002043,0.0093992865,-0.49242586,0.25584948,-0.11580528,0.1295893,-0.49808744,-0.06479583,0.049441356,0.5019095
1.3,0.3953772,0.7873051,-0.6267467,0.5530818,0.6825622,-0.38078892,0.02042236,0.45772365,-0.63075954,-0.42213425,-0.17445472,-0.62417436,0.17905973,0.5359712,0.1679888,0.014728963,-0.03813973,-0.1374499,-0.00421678,-0.10612465,0.0219731,-0.5058556,0.27457684,-0.105850995,0.13211113,-0.52643394,-0.0772771,0.057114396,0.52080536
1.35,0.41020325,0.8207489,-0.6524134,0.5744574,0.7076539,-0.40459377,0.019861372,0.49293205,-0.6718022,-0.4410559,-0.19052221,-0.6459541,0.21155162,0.5555037,0.17828803,0.02714037,-0.060860287,-0.1590617,-0.015216782,-0.11273912,0.034784336,-0.52004063,0.29408377,-0.09555762,0.13516882,-0.55595875,-0.090625264,0.065078884,0.54073316
1.4,0.4259246,0.8556237,-0.67917913,0.59712356,0.73390937,-0.42947873,0.019192016,0.52968013,-0.71430504,-0.46066844,-0.20762809,-0.6686523,0.245779,0.5759056,0.18888642,0.040493026,-0.08527852,-0.18191141,-0.026364328,-0.119896404,0.04782579,-0.5349945,0.3143715,-0.08491758,0.13880278,-0.58668464,-0.10486533,0.073325776,0.5617095
1.45,0.44254202,0.8919394,-0.70705837,0.6211099,0.7613504,-0.45545524,0.018388188,0.56799173,-0.7582529,-0.48098224,-0.22582194,-0.6922714,0.28179196,0.59718645,0.19980231,0.054815996,-0.11145012,-0.20602863,-0.037648637,-0.12762912,0.061090402,-0.55073106,0.33544153,-0.07392323,0.14305346,-0.61863506,-0.1200225,0.08184615,0.58375126
1.5,0.46005616,0.9297054,-0.7360657,0.6464456,0.7899984,-0.48253444,0.017423738,0.6078903,-0.80363,-0.50200737,-0.24515322,-0.71681345,0.31964025,0.6193553,0.211054,0.07013809,-0.13943045,-0.23144266,-0.049058788,-0.13596979,0.07457098,-0.5672639,0.35729513,-0.062567,0.14796132,-0.65183276,-0.1361218,0.09063093,0.6068752
1.55,0.47846776,0.9689314,-0.76621556,0.67315984,0.8198751,-0.51072776,0.016272543,0.6493996,-0.8504213,-0.52375406,-0.2656715,-0.74228054,0.35937393,0.6424217,0.2226598,0.0864883,-0.16927515,-0.25818303,-0.06058396,-0.14495105,0.088260464,-0.5846069,0.37993374,-0.050841242,0.15356675,-0.6863011,-0.15318839,0.09967119,0.6310979
1.6,0.49777755,1.0096271,-0.79752254,0.70128226,0.8510023,-0.5400465,0.014908506,0.6925433,-0.8986115,-0.54623246,-0.2874263,-0.76867527,0.40104297,0.66639495,0.23463802,0.10389555,-0.2010398,-0.2862792,-0.07221333,-0.15460546,0.102151714,-0.60277367,0.4033588,-0.038738333,0.15991023,-0.7220632,-0.17124742,0.10895794,0.6564364
1.65,0.5179862,1.051802,-0.83000106,0.7308419,0.88340116,-0.57050186,0.013305469,0.7373448,-0.94818485,-0.56945276,-0.31046706,-0.7959993,0.44469714,0.6912843,0.24700697,0.12238872,-0.23477976,-0.31576046,-0.083935946,-0.16496561,0.11623755,-0.6217779,0.4275715,-0.0262507,0.16703217,-0.7591419,-0.1903239,0.11848211,0.6829071
1.7,0.53909445,1.0954659,-0.8636659,0.7618683,0.91709363,-0.6021052,0.011437336,0.7838281,-0.9991264,-0.5934252,-0.33484343,-0.8242552,0.49038658,0.71709925,0.25978497,0.14199685,-0.27055076,-0.34665647,-0.09574108,-0.17606409,0.13051094,-0.6416335,0.45257348,-0.013370666,0.17497303,-0.79756063,-0.21044308,0.12823482,0.7105271
1.75,0.5611029,1.1406283,-0.8985313,0.7943907,0.95210123,-0.63486785,0.009277956,0.8320164,-1.0514206,-0.61815983,-0.36060485,-0.85344505,0.538161,0.7438489,0.2729903,0.16274872,-0.3084082,-0.37899646,-0.107617766,-0.18793344,0.14496468,-0.6623541,0.4783659,-9.067716e-05,0.18377322,-0.8373423,-0.23162995,0.13820699,0.739313
1.8,0.5840124,1.1872989,-0.9346118,0.8284383,0.9884455,-0.66880095,0.0068012327,0.8819336,-1.1050519,-0.64366686,-0.38780078,-0.8835711,0.5880704,0.77154285,0.28664124,0.18467335,-0.34840757,-0.41280994,-0.11955522,-0.20060627,0.15959166,-0.68395334,0.5049502,0.013596909,0.19347319,-0.87851,-0.25390965,0.14838965,0.7692814
1.85,0.60782355,1.2354875,-0.9719221,0.8640407,1.0261482,-0.7039161,0.0039810166,0.93360347,-1.1600053,-0.6699567,-0.41648093,-0.9146355,0.640165,0.8001903,0.30075622,0.20779973,-0.39060462,-0.44812647,-0.13154258,-0.21411522,0.17438482,-0.70644516,0.5323279,0.027699744,0.20411341,-0.92108697,-0.2773074,0.15877387,0.8004494
1.9,0.6325371,1.2852033,-1.0104765,0.90122694,1.0652307,-0.7402242,0.00079120946,0.9870493,-1.2162652,-0.6970392,-0.44669458,-0.9466404,0.6944941,0.8298005,0.3153534,0.23215662,-0.4350546,-0.48497525,-0.14356895,-0.22849275,0.18933694,-0.72984314,0.5605002,0.042225376,0.21573423,-0.9650962,-0.30184814,0.16935056,0.83283335
1.95,0.6581538,1.3364564,-1.0502898,0.9400266,1.105715,-0.7777369,-0.002794342,1.042295,-1.2738165,-0.72492474,-0.47849146,-0.97958803,0.7511083,0.860383,0.3304512,0.2577731,-0.48181328,-0.52338594,-0.15562354,-0.24377155,0.204441,-0.754161,0.5894686,0.05718148,0.22837618,-1.0105609,-0.32755712,0.18011084,0.8664503
2.0,0.6846742,1.3892559,-1.0913761,0.9804688,1.1476223,-0.81646526,-0.0068017244,1.099364,-1.3326435,-0.75362337,-0.5119209,-1.0134807,0.8100571,0.89194685,0.3460678,0.28467798,-0.530936,-0.56338775,-0.1676954,-0.25998414,0.21968973,-0.7794124,0.6192343,0.072575614,0.24207963,-1.0575039,-0.35445935,0.19104563,0.9013169
2.05,0.71209913,1.443612,-1.1337503,1.022583,1.1909745,-0.85642064,-0.011257114,1.15828,-1.3927308,-0.78314537,-0.54703254,-1.0483203,0.8713905,0.92450166,0.36222163,0.31290025,-0.58247834,-0.60501033,-0.17977376,-0.27716312,0.23507613,-0.80561125,0.64979887,0.08841542,0.25688505,-1.1059487,-0.38257998,0.20214593,0.9374499
2.1,0.7404292,1.4995337,-1.1774267,1.0663983,1.2357929,-0.8976143,-0.016186604,1.2190666,-1.4540633,-0.8135008,-0.58387583,-1.0841093,0.9351585,0.95805657,0.37893093,0.3424688,-0.6364958,-0.64828295,-0.19184774,-0.29534104,0.250593,-0.8327711,0.68116355,0.10470851,0.27283287,-1.155918,-0.4119441,0.2134028,0.9748659
2.15,0.7696654,1.5570316,-1.2224202,1.1119447,1.2820996,-0.94005793,-0.021616291,1.2817479,-1.5166259,-0.84470016,-0.62250054,-1.12085,1.0014114,0.9926212,0.3962141,0.37341276,-0.69304436,-0.6932354,-0.20390655,-0.3145506,0.26623335,-0.860906,0.71333003,0.12146258,0.28996357,-1.2074355,-0.44257706,0.22480732,1.0135821
2.2,0.7998081,1.6161143,-1.2687447,1.1592505,1.3299158,-0.9837622,-0.027572352,1.3463467,-1.5804025,-0.8767533,-0.6629558,-1.1585443,1.0701983,1.0282046,0.4140893,0.40576074,-0.75217885,-0.7398966,-0.2159392,-0.33482423,0.2819899,-0.8900293,0.74629927,0.1386851,0.3083175,-1.2605236,-0.47450358,0.23635034,1.0536147
2.25,0.83085805,1.6767918,-1.3164151,1.2083458,1.379263,-1.0287387,-0.03408088,1.4128872,-1.6453782,-0.9096704,-0.70529133,-1.1971945,1.1415697,1.064816,0.43257493,0.4395418,-0.8139551,-0.7882962,-0.22793493,-0.3561946,0.29785556,-0.92015487,0.78007287,0.15638375,0.32793513,-1.3152057,-0.50774896,0.24802293,1.0949808
2.3,0.8628161,1.739074,-1.3654459,1.2592596,1.4301631,-1.0749987,-0.04116799,1.4813929,-1.7115376,-0.9434618,-0.74955666,-1.2368029,1.2155755,1.1024652,0.45168927,0.4747849,-0.87842876,-0.8384638,-0.23988283,-0.3786942,0.31382322,-0.95129645,0.8146521,0.17456616,0.3488569,-1.3715049,-0.5423384,0.25981614,1.1376971
2.35,0.89568275,1.8029702,-1.4158515,1.3120213,1.4826376,-1.1225537,-0.048859872,1.5518872,-1.7788651,-0.9781376,-0.79580116,-1.2773714,1.2922653,1.141161,0.4714506,0.51151896,-0.9456551,-0.8904286,-0.25177208,-0.40235573,0.32988575,-0.98346776,0.8500384,0.19323993,0.37112325,-1.4294443,-0.5782968,0.27172092,1.1817802
2.4,0.92945904,1.8684903,-1.4676466,1.3666604,1.5367085,-1.1714149,-0.0571826,1.6243943,-1.8473458,-1.0137081,-0.8440747,-1.3189029,1.3716897,1.1809133,0.49187738,0.549773,-1.0156902,-0.94422036,-0.26359192,-0.4272118,0.34603608,-1.0166826,0.8862333,0.21241276,0.39477473,-1.4890474,-0.6156495,0.2837284,1.2272472
2.45,0.9641453,1.9356437,-1.5208455,1.4232059,1.5923969,-1.2215931,-0.06616226,1.6989373,-1.9169639,-1.0501833,-0.8944264,-1.3613987,1.4538978,1.221731,0.5129877,0.5895757,-1.0885888,-0.9998681,-0.27533132,-0.4532948,0.36226702,-1.0509546,0.92323804,0.2320921,0.41985154,-1.5503366,-0.6544215,0.2958294,1.2741145
2.5,0.99974245,2.00444,-1.5754628,1.4816872,1.6497244,-1.2731004,-0.07582503,1.77554,-1.9877043,-1.0875735,-0.946906,-1.4048615,1.5389401,1.2636234,0.5348,0.63095623,-1.164407,-1.0574014,-0.28697947,-0.48063746,0.37857148,-1.0862975,0.96105385,0.25228566,0.44639423,-1.6133354,-0.6946379,0.30801505,1.3223988
2.55,1.0362511,2.074889,-1.6315131,1.5421337,1.7087128,-1.3259474,-0.08619699,1.854226,-2.0595512,-1.1258887,-1.0015628,-1.4492933,1.6268661,1.3066002,0.5573325,0.6739433,-1.2432,-1.1168498,-0.29852563,-0.5092723,0.39494228,-1.1227249,0.99968237,0.27300104,0.4744433,-1.6780668,-0.7363237,0.32027632,1.3721172
2.6,1.073672,2.1470003,-1.6890109,1.6045748,1.7693838,-1.3801458,-0.09730435,1.9350189,-2.13249,-1.1651393,-1.0584468,-1.4946964,1.7177262,1.3506705,0.5806036,0.71856606,-1.3250235,-1.1782427,-0.3099588,-0.53923196,0.41137233,-1.1602508,1.0391248,0.29424587,0.5040391,-1.7445539,-0.7795043,0.33260426,1.4232861
2.65,1.1120061,2.220784,-1.7479709,1.6690401,1.8317591,-1.4357071,-0.10917318,2.0179431,-2.206505,-1.2053357,-1.1176071,-1.5410733,1.8115705,1.3958437,0.6046317,0.7648535,-1.4099334,-1.2416098,-0.32126832,-0.5705491,0.42785466,-1.198889,1.0793828,0.31602785,0.5352223,-1.8128203,-0.8242048,0.3449899,1.4759228
2.7,1.1512536,2.2962487,-1.8084073,1.7355583,1.8958598,-1.492642,-0.12182961,2.1030211,-2.2815804,-1.2464875,-1.1790934,-1.5884256,1.9084482,1.4421293,0.6294349,0.81283426,-1.4979848,-1.3069801,-0.3324431,-0.6032561,0.44438183,-1.2386528,1.1204573,0.33835444,0.568033,-1.8828883,-0.87045,0.35742417,1.5300434
2.75,1.1914154,2.3734043,-1.8703345,1.8041588,1.961708,-1.550962,-0.1352997,2.1902766,-2.3577013,-1.2886051,-1.2429549,-1.6367557,2.0084093,1.4895362,0.65503144,0.86253726,-1.5892328,-1.374383,-0.34347242,-0.63738555,0.46094692,-1.279556,1.1623499,0.36123323,0.60251164,-1.9547812,-0.9182651,0.3698981,1.5856649
2.8,1.2324923,2.452261,-1.9337672,1.8748714,2.0293248,-1.6106786,-0.14960964,2.279734,-2.4348521,-1.3316988,-1.3092414,-1.686066,2.1115043,1.5380739,0.6814399,0.91399163,-1.6837336,-1.4438483,-0.35434532,-0.6729702,0.47754276,-1.3216127,1.2050622,0.38467202,0.63869894,-2.0285225,-0.9676753,0.38240266,1.642804
2.85,1.2744851,2.532828,-1.9987202,1.9477249,2.0987325,-1.6718028,-0.16478552,2.3714163,-2.5130174,-1.3757787,-1.3780023,-1.7363586,2.2177825,1.587752,0.70867836,0.9672262,-1.7815424,-1.515405,-0.36505115,-0.7100424,0.4941622,-1.3648363,1.2485952,0.40867823,0.6766351,-2.1041348,-1.0187057,0.39492896,1.7014776
2.9,1.3173944,2.6151156,-2.065208,2.0227494,2.1699524,-1.7343465,-0.18085362,2.465348,-2.5921826,-1.4208552,-1.4492878,-1.7876359,2.327295,1.6385798,0.73676544,1.0222703,-1.8827157,-1.5890836,-0.3755789,-0.74863523,0.5107983,-1.409241,1.2929506,0.4332598,0.71636087,-2.181642,-1.0713818,0.40746808,1.7617027
2.95,1.3612207,2.6991327,-2.1332445,2.0999734,2.2430058,-1.7983203,-0.19783981,2.5615518,-2.6723313,-1.466938,-1.5231462,-1.8398997,2.4400902,1.6905662,0.76571906,1.0791521,-1.9873073,-1.6649121,-0.3859177,-0.7887807,0.5274436,-1.4548398,1.3381296,0.4584239,0.7579163,-2.2610662,-1.1257279,0.42001075,1.8234954
3.0,1.405965,2.7848887,-2.2028446,2.1794264,2.3179145,-1.8637358,-0.2157704,2.6600513,-2.7534485,-1.5140376,-1.5996277,-1.8931521,2.5562189,1.7437209,0.7955577,1.137901,-2.0953739,-1.7429206,-0.39605677,-0.8305115,0.5440912,-1.5016469,1.3841335,0.48417842,0.80134183,-2.342431,-1.1817696,0.43254817,1.8868728
